{
  "title": "2019-11-06.jpg",
  "description": "",
  "imageViews": "0",
  "creationTime": {
    "timestamp": "1573107190",
    "formatted": "Nov 7, 2019, 6:13:10 AM UTC"
  },
  "modificationTime": {
    "timestamp": "1573107476",
    "formatted": "Nov 7, 2019, 6:17:56 AM UTC"
  },
  "geoData": {
    "latitude": 0.0,
    "longitude": 0.0,
    "altitude": 0.0,
    "latitudeSpan": 0.0,
    "longitudeSpan": 0.0
  },
  "geoDataExif": {
    "latitude": 0.0,
    "longitude": 0.0,
    "altitude": 0.0,
    "latitudeSpan": 0.0,
    "longitudeSpan": 0.0
  },
  "photoTakenTime": {
    "timestamp": "1573107190",
    "formatted": "Nov 7, 2019, 6:13:10 AM UTC"
  }
}