{
    "Apps": [],
    "App Settings": [],
    "Preferences": [
        {
            "name": "translate_site_blacklist_with_time",
            "value": "{}"
},
        {
            "name": "browser.clear_data.cookies",
            "value": "true"
},
        {
            "name": "browser.clear_data.passwords",
            "value": "true"
},
        {
            "name": "browser.clear_data.cache",
            "value": "true"
},
        {
            "name": "browser.clear_data.form_data",
            "value": "true"
},
        {
            "name": "browser.clear_data.browsing_history",
            "value": "true"
},
        {
            "name": "browser.clear_data.time_period",
            "value": "3"
},
        {
            "name": "autofill.credit_card_enabled",
            "value": "false"
},
        {
            "name": "autofill.profile_enabled",
            "value": "false"
}
    ],
    "Themes": [],
    "Managed Users": []
}